Depth,URL,Screenshot,Title,Tags
0,https://neocodenex.tech,https://screenshots.visualsitemaps.com/417056-0acb057fdf6719f56d976dcc79cb91ee.jpg,NeoCodenex - Home Page,
0,https://neocodenex.tech/about.html,https://screenshots.visualsitemaps.com/417056-1471d96e545524043f427955e4b15a3a.jpg,About - Neocodenex,
0,https://neocodenex.tech/contact.html,https://screenshots.visualsitemaps.com/417056-f7e90162de9efb97d2b9141152799159.jpg,Contact - Neocodenex,
0,https://neocodenex.tech/creativedesign.html,https://screenshots.visualsitemaps.com/417056-d06a069aba68dd2b3c8da9c77096206c.jpg,NeoCodenex - Home Page,
0,https://neocodenex.tech/form.html,https://screenshots.visualsitemaps.com/417056-f6a5ba5225960f1a315c16e8a1592083.jpg,Contact - Neocodenex,
0,https://neocodenex.tech/index.html,https://screenshots.visualsitemaps.com/417056-39cc97b459bb0517aabcedcb1577c3b0.jpg,NeoCodenex - Home Page,
0,https://neocodenex.tech/pricing.html,https://screenshots.visualsitemaps.com/417056-ef45e033ad46663852ac37d2711acdfa.jpg,Pricing - Neocodenex,
0,https://neocodenex.tech/seo.html,https://screenshots.visualsitemaps.com/417056-6bee2ad82d437d6aa70b9c46d60422e3.jpg,NeoCodenex - SEO Page,
0,https://neocodenex.tech/services.html,https://screenshots.visualsitemaps.com/417056-e85e738dad63d3db316270a88c0aeee1.jpg,NeoCodenex - Home Page,
0,https://neocodenex.tech/webdevelopment.html,https://screenshots.visualsitemaps.com/417056-a02281ad5dcedbde0f22ac1bb0b87e79.jpg,NeoCodenex - Home Page,
